x,ya,yb
5.0,8.103282983463814,-8.103282983463814
5.005005005005005,8.088741996454788,-8.088702000193354
5.01001001001001,8.023954080516564,-8.023795377285905
5.015015015015015,7.909041043096048,-7.908689076141155
5.02002002002002,7.744439290214806,-7.743826597087205
5.025025025025025,7.530900098411315,-7.529969169065813
5.03003003003003,7.269487895652004,-7.268193901817519
5.035035035035035,6.96157653523601,-6.959889885441134
5.04004004004004,6.608843559377978,-6.6067522354204
5.045045045045045,6.213262462054261,-6.210774094666209
5.05005005005005,5.777092973760218,-5.774236617730031
5.055055055055055,5.302869403969194,-5.299696976015839
5.06006006006006,4.793387090219981,-4.789974436461241
5.065065065065065,4.251687015804602,-4.2481345796831365
5.07007007007007,3.681038670892311,-3.6774717368936125
5.075075075075075,3.084921244522851,-3.0814897378966575
5.08008008008008,2.4670032471411867,-2.463881075079154
5.085085085085085,1.8311206751394258,-1.8285046004180707
5.09009009009009,1.1812538401369,-1.179361884052532
5.095095095095095,0.5215029963710872,-0.5205723738152243
5.1001001001001,-0.1439370904774112,0.14365249478904904
5.105105105105105,-0.8108034805403529,0.809036079429007
5.11011011011011,-1.4747921422990107,1.4712640355631075
5.115115115115115,-2.131585612222955,2.1260123704486396
5.12012012012012,-2.776881056941671,2.7689758659045998
5.125125125125125,-3.4064185580518203,3.3958966840590334
5.13013013013013,-4.016009435442313,4.00259296635983
5.135135135135135,-4.60156442196716,4.58498723341472
5.14014014014014,-5.159121500446345,5.139134391783936
5.145145145145145,-5.684873213364425,5.661249153712205
5.15015015015015,-6.175193256300172,6.147732676987329
5.155155155155155,-6.626662168064364,6.595198234652992
5.16016016016016,-7.036091933773404,7.0004957282057125
5.165165165165165,-7.40054932163254,7.360734863153668
5.17017017017017,-7.717377780046911,7.673306812405567
5.175175175175175,-7.984217728800549,7.935904200863383
5.18018018018018,-8.199025086421452,8.146539253785361
5.185185185185185,-8.360087885446836,8.303559961919529
5.19019019019019,-8.466040838078776,8.40566412803713
5.195195195195195,-8.51587772661938,8.451911172254386
5.2002002002002,-8.508961506038748,8.441731587352995
5.205205205205205,-8.445032019986062,8.374933950114018
5.21021021021021,-8.324211246427991,8.251709410380581
5.215215215215215,-8.147006004801362,8.072633596064989
5.22022022022022,-7.914308073005259,7.8386658895127495
5.225225225225225,-7.627391679631643,7.551146048420633
5.23023023023023,-7.287908354433109,7.211788162758959
5.235235235235235,-6.89787913804182,6.822671957751543
5.24024024024024,-6.459684170262031,6.386231471788591
5.245245245245245,-5.976049694740631,5.905241157061188
5.25025025025025,-5.450032536346359,5.382799469574023
5.255255255255255,-4.8850021260310506,4.8223100338811635
5.26026026026026,-4.284620166169455,4.227460486256132
5.265265265265265,-3.65281804725167,3.602199117920777
5.27027027027027,-2.9937721441949368,2.950709457274304
5.275275275275275,-2.3118771373164844,2.2773829466479665
5.28028028028028,-1.6117175190445356,1.5867898848383508
5.285285285285285,-0.8980374625974853,0.8836488213989226
5.29029029029029,-0.17570924302432672,0.17279460228805235
5.295295295295295,0.5502995859648399,-0.5408547211538717
5.3003003003003,1.2749600441361448,-1.2523318968884463
5.305305305305305,1.9932163801310427,-1.9566551579373077
5.31031031031031,2.7000212953889298,-2.648863348587776
5.315315315315315,3.390371494360231,-3.324051244017168
5.32032032032032,4.0593433128899195,-3.9774048116046035
5.325325325325325,4.7021281724555735,-4.6042361592715695
5.33033033033033,5.314067605491264,-5.200017915081977
5.335335335335335,5.890687596372626,-5.760416783081826
5.34034034034034,6.427731983820326,-6.281326022996858
5.345345345345345,6.921194673515686,-6.758896605937924
5.35035035035035,7.367350414633065,-7.1895668046940875
5.355355355355355,7.762783900773115,-7.570089985502471
5.36036036036036,8.104416964413574,-7.8975603783412875
5.365365365365365,8.389533644451642,-8.169436614754071
5.37037037037037,8.61580291865155,-8.383562835920566
5.375375375375375,8.781298906770562,-8.538187189064827
5.38038038038038,8.884518365750761,-8.631977547251635
5.385385385385385,8.924395315542666,-8.664034306062765
5.39039039039039,8.900312652773378,-8.633900130452071
5.395395395395395,8.812110629474732,-8.541566546125589
5.4004004004004,8.660092095321552,-8.387477291940902
5.405405405405405,8.445024424161456,-8.17252837291914
5.41041041041041,8.168138068898509,-7.8980647773534285
5.415415415415415,7.831121712868349,-7.565873846011471
5.42042042042042,7.436114010543341,-7.178175306388143
5.425425425425425,6.985691935564585,-6.73760801018826
5.43043043043043,6.482855779525861,-6.247213437515089
5.435435435435435,5.931010870453362,-5.710416056420817
5.44044044044044,5.333946105338766,-5.131000651341053
5.445445445445445,4.695809416201987,-4.51308675829429
5.45045045045045,4.021080313784451,-3.8611003683789584
5.455455455455455,3.3145396769160578,-3.179743083859204
5.46046046046046,2.5812369786560754,-2.473958932796287
5.465465465465465,1.8264551622965486,-1.7488990685780863
5.47047047047047,1.0556734010476336,-1.0098845996438983
5.475475475475475,0.2745279945160375,-0.2623678120243614
5.48048048048048,-0.5112283272324136,0.4881079371432268
5.485485485485485,-1.2957684053259289,1.2359493633501661
5.49049049049049,-2.0732336587824634,1.9755551323889844
5.495495495495495,-2.837777783661835,2.7013581592916274
5.5005005005005,-3.583610822383415,3.4078680088099746
5.505505505505505,-4.305043273518242,4.089713073045672
5.51051051051051,-4.996529907379075,4.741682199634024
5.515515515515515,-5.652712950235735,5.358765444201172
5.52052052052052,-6.268464300043821,5.936193623685644
5.525525525525525,-6.838926439233016,6.469476352557706
5.53053053053053,-7.359551715387979,6.95443825198534
5.535535535535535,-7.826139668568015,7.387253032553048
5.54054054054054,-8.234872094545043,7.7644751642033984
5.545545545545545,-8.582345546347485,8.083068862566916
5.55055055055055,-8.865600992132222,8.340434138696233
5.555555555555555,-9.08215036548205,8.534429679311526
5.56056056056056,-9.229999764651124,8.663392346877798
5.565565565565565,-9.307669079928072,8.726153113017073
5.57057057057057,-9.314207853024746,8.72204926475393
5.575575575575575,-9.249207199063626,8.6509327507148
5.58058058058058,-9.112807650154963,8.513174563454857
5.585585585585585,-8.905702809530768,8.309665084358661
5.59059059059059,-8.629138736527015,8.04181034882632
5.595595595595595,-8.2849090151519,7.711524221477475
5.6006006006006,-7.875345492309013,7.321216503633666
5.605605605605605,-7.403304705710757,6.8737770281206165
5.61061061061061,-6.872150055856014,6.372555829199903
5.615615615615615,-6.285729810893742,5.821339507932432
5.62062062062062,-5.648351067472923,5.224323945221223
5.625625625625625,-4.96474982451264,4.586083545910963
5.63063063063063,-4.240057359936138,3.9115372273713476
5.635635635635635,-3.479763132517184,3.2059113946955042
5.64064064064064,-2.6896744618130533,2.4747001717515817
5.645645645645645,-1.875873268431613,1.7236231825855628
5.65065065065065,-1.044670184340532,0.9585812008553194
5.655655655655655,-0.20255636831684606,0.1856100058546564
5.66066066066066,0.6438466152853501,-0.5891671979429227
5.665665665665665,1.4878384757280618,-1.3595884252144632
5.67067067067067,2.3226930365300587,-2.1195022325757686
5.675675675675675,3.1417118261917887,-2.862817324615297
5.68068068068068,3.9382779959015033,-3.583552041299798
5.685685685685685,4.705910132649514,-4.27588332146047
5.6906906906906904,5.438315531090193,-4.934194736958963
5.6956956956956954,6.129442485899441,-5.553123195391041
5.7007007007007005,6.773531168339723,-6.127603915821785
5.7057057057057055,7.365162656324657,-6.65291329206548
5.7107107107107105,7.8993056964678505,-7.124709271373102
5.7157157157157155,8.371360789415522,-7.539068893026457
5.7207207207207205,8.77720120613007,-7.892522651144601
5.7257257257257255,9.113210562659804,-8.18208536888261
5.7307307307307305,9.376316604177727,-8.405283296981628
5.7357357357357355,9.564020875572261,-8.560177178141917
5.7407407407407405,9.674423985455315,-8.645381049730585
5.7457457457457455,9.706246202928018,-8.660076590677528
5.7507507507507505,9.658843161584137,-8.604022853801514
5.7557557557557555,9.532216482792345,-8.4775612619743
5.7607607607607605,9.32701917000255,-8.28161578517814
5.7657657657657655,9.044555667374402,-8.017688255333756
5.7707707707707705,8.686776519106935,-7.687848816444523
5.7757757757757755,8.256267610122888,-7.294721548784262
5.7807807807807805,7.756234013871263,-6.841465347199301
5.7857857857857855,7.190478518595074,-6.331750174751811
5.7907907907907905,6.563374949085888,-5.76972885353998
5.7957957957957955,5.879836446326405,-5.160004594233069
5.8008008008008005,5.14527891212033,-4.507594504303787
5.8058058058058055,4.3655798694266,-3.817889351770991
5.8108108108108105,3.5470330312692204,-3.0966098961469397
5.8158158158158155,2.6962989113927973,-2.349760130879849
5.8208208208208205,1.8203518479073548,-1.5835778115849222
5.8258258258258255,0.9264238466468458,-0.8044826714661272
5.8308308308308305,0.021945683504591945,-0.019022749270072654
5.8358358358358355,-0.8855142657202442,0.7661807243662391
5.8408408408408405,-1.7883129737340318,1.54448941943473
5.8458458458458455,-2.678796972356674,2.3093045021756975
5.8508508508508505,-3.5493672915354,3.0541232490001957
5.8558558558558556,-4.392544579588351,3.772595189036624
5.8608608608608606,-5.201033848630798,4.458577284971027
5.865865865865866,-5.9677882849502755,5.10618766550536
5.870870870870871,-6.686071564690471,5.709857430726744
5.875875875875876,-7.349518120670747,6.26438006396512
5.880880880880881,-7.95219081652889,6.764958000252308
5.885885885885886,-8.488635499625165,7.207245922194661
5.890890890890891,-8.95393192423575,7.587390378805144
5.895895895895896,-9.343740561392817,7.902065351436087
5.900900900900901,-9.654344841161006,8.148503423208131
5.905905905905906,-9.882688406994012,8.324522244002164
5.910910910910911,-10.026406999860049,8.428546021889169
5.915915915915916,-10.08385463180283,8.459621813515275
5.920920920920921,-10.054123754201909,8.417430430091395
5.925925925925926,-9.937059174873852,8.302291821896198
5.930930930930931,-9.733265529931789,8.115164852195209
5.935935935935936,-9.44410817058495,7.857641420796212
5.940940940940941,-9.071707381367894,7.531934947670355
5.945945945945946,-8.618925904176631,7.140863277728046
5.950950950950951,-8.089349801458956,6.687826118488586
5.955955955955956,-7.48726275145953,6.176777172570535
5.960960960960961,-6.817613928016387,5.612191176178163
5.965965965965966,-6.08597967653438,4.999026102627127
5.970970970970971,-5.298519255854174,4.342680835960082
5.975975975975976,-4.461924972283053,3.648948663430782
5.980980980980981,-3.5833670864955343,2.9239669766336824
5.985985985985986,-2.670433925838504,2.174163608928283
5.990990990990991,-1.7310676832656544,1.4062002711590804
5.995995995995996,-0.7734964291946251,0.626913578149369
6.001001001001001,0.19383709645104014,-0.15674581528642867
6.006006006006006,1.162349308307493,-0.9377754282923171
6.011011011011011,2.123391580540466,-1.709183960352268
6.016016016016016,3.068327371318573,-2.4640545205268407
6.021021021021021,3.988609984825695,-3.1956075030641227
6.026026026026026,4.875860274200049,-3.8972625312700497
6.031031031031031,5.721943580278527,-4.562698895230788
6.036036036036036,6.519045198834744,-5.18591391805934
6.041041041041041,7.259743673260315,-5.761278699775675
6.046046046046046,7.937081220398116,-6.283590707637034
6.051051051051051,8.544630614520253,-6.748122706605614
6.056056056056056,9.076557878181934,-7.150667553487384
6.061061061061061,9.527680158771705,-7.487578412884207
6.066066066066066,9.893518205837081,-7.7558039921956095
6.071071071071071,10.170342906454627,-7.952918436167734
6.076076076076076,10.355215383745989,-8.077145568559231
6.081081081081081,10.446020216752903,-8.12737721896702
6.086086086086086,10.44149139787258,-8.103185426294305
6.091091091091091,10.341230706452158,-8.00482836627051
6.096096096096096,10.14571824343793,-7.833249908345243
6.101101101101101,9.856314941611311,-7.590072766644542
6.106106106106106,9.47525693832083,-7.27758526994653
6.111111111111111,9.005641772101233,-6.898721836238296
6.116116116116116,8.451406440489833,-6.45703729777862
6.121121121121121,7.8172974330133975,-5.956675282128613
6.126126126126126,7.108832930018199,-5.402330912745833
6.131131131131131,6.332257434016615,-4.799208148882846
6.136136136136136,5.494489174810781,-4.152972138137247
6.141141141141141,4.603060702079838,-3.4696970055067964
6.146146146146146,3.6660531486732877,-2.7558095496984505
6.151151151151151,2.69202471382231,-2.018029360222073
6.156156156156156,1.689933977184369,-1.2633059070136494
6.161161161161161,0.6690587114092509,-0.4987531875515844
6.166166166166166,-0.36108908785347604,0.2684174557163333
6.171171171171171,-1.390851190490012,1.0309657126700131
6.176176176176176,-2.4105133365319062,1.7816912263913283
6.181181181181181,-3.410396823067146,2.513502396499318
6.186186186186186,-4.380950615902215,3.219484400207594
6.191191191191191,-5.312843112559875,3.892965769221281
6.196196196196196,-6.197052675493556,4.527582869942214
6.201201201201201,-7.0249560550779995,5.117341650286923
6.206206206206206,-7.788413831115271,5.656676038647376
6.211211211211211,-8.479852019327879,6.140502408990683
6.216216216216216,-9.09233901554762,6.564269560575089
6.221221221221221,-9.619657084944276,6.924003700985659
6.226226226226226,-10.056367646455262,7.216347966814507
6.231231231231231,-10.39786965329323,7.438596066932027
6.236236236236236,-10.640450428650258,7.588719688461478
6.241241241241241,-10.781328381035012,7.665389364776117
6.246246246246246,-10.818687095541994,7.667988567531316
6.251251251251251,-10.751700375157993,7.596620850331833
6.256256256256256,-10.580547889289779,7.452109939487055
6.261261261261261,-10.306421174311705,7.2359927367634596
6.266266266266266,-9.931519822290378,6.950505269421117
6.271271271271271,-9.459037788301776,6.598561693417362
6.276276276276276,-8.893139843027548,6.183726525765804
6.281281281281281,-8.23892829467856,5.710180350936617
6.286286286286286,-7.502400201797027,5.182679313165571
6.291291291291291,-6.690395395165185,4.606508770903674
6.296296296296296,-5.810535721925962,3.987431550709257
6.301301301301301,-4.871156017122376,3.3316312950029725
6.306306306306306,-3.881227396227332,2.645651450655152
6.311311311311311,-2.8502735459195114,1.9363304927715932
6.316316316316316,-1.7882807684567572,1.21073401975638
6.321321321321321,-0.7056026066318744,0.47608439127517427
6.326326326326326,0.38714005935194695,-0.2603113903027624
6.331331331331331,1.47916249543488,-0.9911348323977135
6.336336336336336,2.5596221824565593,-1.7091294012974123
6.341341341341341,3.617726436654631,-2.407173523159994
6.346346346346346,4.642840520100654,-3.078352392581429
6.351351351351351,5.624595161236754,-3.716027852331285
6.356356356356356,6.552992398309955,-4.313905623483211
6.361361361361361,7.418508662040781,-4.866099188355048
6.366366366366366,8.212194028427794,-5.367189659245531
6.371371371371371,8.925766598223387,-5.812281003671613
6.376376376376376,9.551700996203502,-6.197050041326029
6.381381381381381,10.083310030712326,-6.517790678897756
6.386386386386386,10.514818611756104,-6.771451905739845
6.391391391391391,10.841429093727834,-6.955669135591641
6.396396396396396,11.059377286118933,-7.068788546555228
6.401401401401401,11.165978461668635,-7.109884142625279
6.406406406406406,11.159662785564935,-7.0787673345624595
6.411411411411411,11.03999969069567,-6.975988915025051
6.416416416416416,10.807710831619628,-6.802833381837531
6.421421421421421,10.464671362866032,-6.5613056432565005
6.426426426426426,10.013899404290164,-6.254110219252695
6.431431431431431,9.45953367635956,-5.8846231323119715
6.436436436436436,8.806799410221354,-5.456856759215512
6.441441441441441,8.061962759957535,-4.975417990842335
6.446446446446446,7.2322740663207785,-4.445460119427505
6.451451451451451,6.325900441147226,-3.8726289410875445
6.456456456456456,5.351848258318242,-3.26300362504852
6.461461461461461,4.319876249288251,-2.6230329591383508
6.466466466466466,3.240400007580319,-1.9594676330744258
6.471471471471471,2.1243888060764387,-1.279289266282734
6.476476476476476,0.983255722229327,-0.5896369248760671
6.481481481481481,-0.17125785157651074,0.10226809746547405
6.486486486486486,-1.3272021633913695,0.7891984380153306
6.491491491491491,-2.472542312901774,1.4639969527417747
6.496496496496496,-3.595283459727749,2.119652318276197
6.501501501501501,-4.683596733875457,2.7493731371074106
6.506506506506506,-5.72594453039364,3.3466597478039892
6.511511511511511,-6.711203860926572,3.9053729636197847
6.516516516516516,-7.62878643945922,4.419798992968778
6.521521521521521,-8.468754198263818,4.884709833692565
6.526526526526526,-9.221928962899499,5.295418479429066
6.531531531531531,-9.879995061954151,5.647828330275274
6.536536536536536,-10.435593707755798,5.9384762607784385
6.541541541541541,-10.882408058068195,6.164568865462644
6.546546546546546,-11.215237955249126,6.324011474915999
6.551551551551551,-11.430063437729945,6.415429613148419
6.556556556556556,-11.524096228102184,6.438182648661084
6.561561561561561,-11.495818521556316,6.392369476564437
6.566566566566566,-11.345008526766016,6.278826156218132
6.571571571571571,-11.072752347294669,6.099115517286858
6.576576576576576,-10.681441933863143,5.8555088358332466
6.581581581581581,-10.174758984905376,5.550959770109741
6.586586586586586,-9.55764482322919,5.189070832075241
6.591591591591591,-8.836256428706038,4.774052754368674
6.596596596596596,-8.01790895910106,4.31067719255875
6.601601601601601,-7.111005241767131,3.8042232780329583
6.606606606606607,-6.124952866297441,3.260418607007712
6.611611611611612,-5.070069650687285,2.685375315001706
6.616616616616617,-3.9574783894776204,2.0855219429595495
6.621621621621622,-2.7989919201476567,1.4675318503512569
6.626626626626627,-1.6069896621514226,0.8382489713901774
6.631631631631632,-0.3942868900369538,0.20461174250484834
6.636636636636637,0.8260019033261286,-0.4264239480652731
6.641641641641642,2.0406041164590807,-1.0479619245083012
6.646646646646647,3.23623311882776,-1.6532421340805272
6.651651651651652,4.399733746704965,-2.235715443197981
6.656656656656657,5.518227627891537,-2.7891159743702447
6.661661661661662,6.5792567310571055,-3.3075301654369524
6.666666666666667,7.570923536250975,-3.7854617681254843
6.671671671671672,8.482026241737268,-4.217892047631476
6.676676676676677,9.302187458798043,-4.600334498275803
6.681681681681682,10.021974900365787,-4.928883451736542
6.686686686686687,10.633012640953007,-5.20025602322645
6.691691691691692,11.12808161379799,-5.411826916527976
6.696696696696697,11.501208115687547,-5.561655690159163
6.701701701701702,11.747739209624772,-5.648506173214067
6.706706706706707,11.864404049243472,-5.671857809609761
6.711711711711712,11.849360295343084,-5.631908802550103
6.716716716716717,11.702224952653255,-5.529571025901405
6.721721721721722,11.424089122321393,-5.366456764762468
6.726726726726727,11.017516340896673,-5.1448574426788625
6.731731731731732,10.486524357887781,-4.867714586572043
6.736736736736737,9.8365503893307,-4.5385833714150445
6.741741741741742,9.074400072164652,-4.161589173893241
6.746746746746747,8.208180531486814,-3.7413776466953417
6.751751751751752,7.247218157784034,-3.283058901671568
6.756756756756757,6.2019618719016725,-2.7921464599465566
6.761761761761762,5.083872829653705,-2.2744916893058647
6.766766766766767,3.9053016835317687,-1.736214503016114
6.771771771771772,2.67935467390558,-1.1836311390035343
6.776776776776777,1.4197499644838922,-0.6231798734229038
6.781781781781782,0.14066576481994175,-0.06134554764099363
6.786786786786787,-1.1434181054088128,0.4954161978215191
6.791791791791792,-2.4178834612293896,1.0407540850026473
6.796796796796797,-3.66813998174955,1.568494865423629
6.801801801801802,-4.87979254412955,2.0727146194585813
6.806806806806807,-6.038807747816363,2.547806843631244
6.811811811811812,-7.13167770202351,2.988546519834617
6.816816816816817,-8.145579158925434,3.3901494088258155
6.821821821821822,-9.068526106889493,3.7483258679901024
6.826826826826827,-9.88951399224813,4.059328559629207
6.831831831831832,-10.598653814312035,4.31999349013039
6.836836836836837,-11.187294435957675,4.527773901429821
6.841841841841842,-11.648131570369632,4.680766623229637
6.846846846846847,-11.975302042278804,4.777730586405978
6.851851851851852,-12.164462077984021,4.818097293840107
6.856856856856857,-12.212848551000958,4.801973143340169
6.861861861861862,-12.119322297560556,4.730133597189251
6.866866866866867,-11.88439281638001,4.6040092929141805
6.871871871871872,-11.51022387797791,4.425664288878461
6.876876876876877,-11.000619787961062,4.197766735018707
6.881881881881882,-10.36099227369775,3.923552352251858
6.886886886886887,-9.59830819203267,3.606781192601345
6.891891891891892,-8.721018484526025,3.2516882347973395
6.896896896896897,-7.7389690334041745,2.8629284459416895
6.901901901901902,-6.663294293265838,2.4455170078160307
6.906906906906907,-5.506294787878094,2.004765465669479
6.911911911911912,-4.281299765466206,1.5462146070785352
6.916916916916917,-3.002516497144916,1.0755649180622668
6.921921921921922,-1.6848678791172031,0.5986054925410328
6.926926926926927,-0.34382015761943124,0.12114228903937457
6.931931931931932,1.0047972658045916,-0.35107336499309455
6.936936936936937,2.344977874227585,-0.8124151258513722
6.941941941941942,3.6607277525080004,-1.2574499642395123
6.946946946946947,4.936256745168442,-1.6810036225679528
6.951951951951952,6.156168775901213,-2.078222386049596
6.956956956956957,7.305649034035849,-2.4446304037233806
6.961961961961962,8.370645745216851,-2.7761818543081427
6.966966966966967,9.338044283220496,-3.069307319641574
6.971971971971972,10.195831447179884,-3.3209538045195206
6.976976976976977,10.933247823070761,-3.528617925048094
6.981981981981982,11.540926269362938,-3.690371877078874
6.986986986986987,12.011014713165675,-3.804881890757987
6.991991991991992,12.337281613559618,-3.87141897545171
6.996996996996997,12.51520264136147,-3.8898618600289683
7.002002002002002,12.542027337276721,-3.8606921353625765
7.007007007007007,12.41682474092706,-3.784981707612579
7.012012012012012,12.140507229017778,-3.6643727710274727
7.017017017017017,11.715832059128621,-3.50105060631399
7.022022022022022,11.147380383268061,-3.2977096037836526
7.027027027027027,10.441513769251333,-3.057512998234434
7.032032032032032,9.606308544867742,-2.78404688369507
7.037037037037037,8.651468556295091,-2.481269149643777
7.042042042042042,7.588217204884668,-2.1534540451244757
7.047047047047047,6.429169891840952,-1.8051331324346285
7.052052052052052,5.188188255055823,-1.4410334369957682
7.057057057057057,3.880217823126309,-1.066013634023027
7.062062062062062,2.5211109351758,-0.6849991352087981
7.067067067067067,1.1274369785123808,-0.3029169495164903
7.072072072072072,-0.283717823455444,0.07536880882289135
7.077077077077077,-1.694958685813093,0.44511990489349934
7.082082082082082,-3.0887960850846676,0.8017846246235221
7.087087087087087,-4.447862519303007,1.1410552735902912
7.092092092092092,-5.755129528392159,1.4589217802817818
7.097097097097097,-6.994122265229542,1.7517207080983923
7.102102102102102,-8.149128908539154,2.016179046943007
7.107107107107107,-9.20540224363828,2.2494522303594713
7.112112112112112,-10.14935080602611,2.449155906792144
7.117117117117117,-10.968717085489274,2.613391082507876
7.122122122122122,-11.652740423942422,2.740762347796927
7.127127127127127,-12.192302407394982,2.830388995940333
7.132132132132132,-12.580052749517808,2.881908944713982
7.137137137137137,-12.810513889208911,2.895475471484183
7.142142142142142,-12.880162774839768,2.871746873801889
7.147147147147147,-12.787488580660165,2.8118692663891545
7.152152152152152,-12.533025392984293,2.717452821124308
7.157157157157157,-12.11935921180803,2.590541847704678
7.162162162162162,-11.551108933690568,2.4335791977910386
7.167167167167167,-10.834881310143478,2.2493655533956245
7.172172172172172,-9.979200208300163,2.0410142299388556
7.177177177177177,-8.994410833082938,1.811902184764918
7.182182182182182,-7.892559898154024,1.5656179720934964
7.187187187187187,-6.687253052356849,1.3059074246677722
7.192192192192192,-5.3934911748790215,1.036617870160451
7.197197197197197,-4.0274874418603,0.761641706312671
7.202202202202202,-2.6064673356659385,0.4848601625730461
7.207207207207207,-1.1484540117586564,0.2100880676129771
7.212212212212212,0.3279583464392785,-0.058979578352030174
7.217217217217217,1.803840370314151,-0.31881845971361567
7.222222222222222,3.260169582344415,-0.566122506859265
7.227227227227227,4.678075628764881,-0.7978474936917621
7.232232232232232,6.039085517103342,-1.0112500661292987
7.237237237237237,7.325365672881039,-1.203921669271042
7.242242242242242,8.519957636717484,-1.3738169215311005
7.247247247247247,9.6070042716597,-1.5192760712349456
7.252252252252252,10.571963440683003,-1.6390412636177025
7.257257257257257,11.40180624537158,-1.732266442465117
7.262262262262262,12.085197087618361,-1.7985208093300236
7.267267267267267,12.612653025063596,-1.8377858628346386
7.272272272272272,12.976680135696354,-1.8504461395057936
7.277277277277277,13.171884884815727,-1.8372738743659098
7.282282282282282,13.195058795172583,-1.7994078926222379
7.287287287287287,13.045235054915848,-1.7383271318154145
7.292292292292292,12.723716053883104,-1.655819275337133
7.297297297297297,12.234071212374463,-1.5539450520238633
7.302302302302302,11.582104853109444,-1.4349988214214497
7.307307307307307,10.775794261616738,-1.301466119260715
7.312312312312312,9.82519847770008,-1.1559788818117407
7.317317317317317,8.742338755590506,-1.0012691003783054
7.322322322322322,7.541052017636536,-0.8401216777206824
7.327327327327327,6.236819000598049,-0.6753272663043702
7.332332332332332,4.846569149635971,-0.5096358638129003
7.337337337337337,3.388464647868916,-0.34571192437644777
7.342342342342342,1.8816662741697645,-0.18609171470184677
7.347347347347347,0.3460840541605901,-0.0331436031800851
7.352352352352352,-1.197884094891265,0.1109680822665
7.357357357357357,-2.7296223291248967,0.24431505454498148
7.362362362362362,-4.228571904880314,0.36523242501857944
7.367367367367367,-5.674507613067112,0.4723409978281504
7.372372372372372,-7.047811909075317,0.5645641676780347
7.377377377377377,-8.329743017896911,0.6411391807617618
7.382382382382382,-9.50269333612201,0.7016226154626034
7.387387387387387,-10.550434544907395,0.7458900388956666
7.392392392392392,-11.458345990269722,0.7741298956234021
7.397397397397397,-12.21362307786618,0.7868317843129757
7.402402402402402,-12.805462666844887,0.7847693750522312
7.407407407407407,-13.225222728724317,0.7689783128646172
7.412412412412412,-13.466553859361094,0.7407295400866751
7.4174174174174174,-13.525500590986534,0.7014985501952621
7.4224224224224224,-13.400570842622063,0.6529311570056181
7.4274274274274275,-13.092772265957905,0.5968064246460107
7.4324324324324325,-12.605614684610922,0.5349974542419266
7.4374374374374375,-11.945078281782498,0.4694307618795486
7.4424424424424425,-11.119547658624462,0.4020450084191088
7.4474474474474475,-10.139712356774954,0.3347498545563738
7.4524524524524525,-9.018434907076513,0.26938571386049787
7.4574574574574575,-7.770587925916483,0.2076851622514853
7.4624624624624625,-6.412862224444181,0.151236734650729
7.4674674674674675,-4.9635483177460005,0.10145179870262643
7.4724724724724725,-3.4422941147511734,0.059535142112062976
7.4774774774774775,-1.8698419293455903,0.02645984507574723
7.4824824824824825,-0.26774827341239377,0.0029469335218994127
7.4874874874874875,1.3419098316609746,-0.01054977637880179
7.4924924924924925,2.936838061551508,-0.01385332531972589
7.4974974974974975,4.494833375950709,-0.0070675323795629744
7.5025025025025025,5.994093729801644,0.009424921454966786
7.5075075075075075,7.413524592558524,0.034970252289714926
7.5125125125125125,8.733037958862242,0.06865707024408811
7.5175175175175175,9.933839594312154,0.10933540122800318
7.5225225225225225,10.998700380864703,0.15564091463821622
7.5275275275275275,11.912207806903098,0.20602393665703697
7.5325325325325325,12.660993885414443,0.25878273380473976
7.5375375375375375,13.233936077384303,0.3121004644838631
7.5425425425425425,13.622328143019567,0.3640851191182264
7.5475475475475475,13.820018236533295,0.4128117036463064
7.5525525525525525,13.823511995993035,0.45636586791587314
7.5575575575575575,13.632038852522914,0.49288814109099505
7.5625625625625625,13.247580286701487,0.520617911439816
7.5675675675675675,12.674859287539832,0.5379362785050644
7.5725725725725725,11.921290813739631,0.5434069120878191
7.5775775775775776,10.99689361045958,0.5358140748532524
7.5825825825825826,9.914164289758485,0.5141970035695289
7.587587587587588,8.687915131303251,0.4778798976138057
7.592592592592593,7.335077593873702,0.42649683174085146
7.597597597597598,5.874474039818633,0.3600109922560785
7.602602602602603,4.326560656249237,0.2787277304524156
7.607607607607608,2.7131450010900044,0.18330103300149245
7.612612612612613,1.0570820022550527,0.07473312425396854
7.617617617617618,-0.6180474121942896,-0.04563296178098211
7.622622622622623,-2.2882705817013753,-0.1761278736884329
7.627627627627628,-3.9295655753485486,-0.3147774014125145
7.632632632632633,-5.518206978395646,-0.45933067115735743
7.637637637637638,-7.031110035053995,-0.6072947147266055
7.642642642642643,-8.446168152171756,-0.755974923994513
7.647647647647648,-9.742578813618334,-0.9025207796715846
7.652652652652653,-10.901153072819096,-1.043976130386024
7.657657657657658,-11.904603980273462,-1.1773331955545487
7.662662662662663,-12.737809562218969,-1.2995893756380064
7.667667667667668,-13.388046292915641,-1.4078058780549163
7.672672672672673,-13.845189392447798,-1.4991671079393885
7.677677677677678,-14.101876729556682,-1.571039731503996
7.682682682682683,-14.153633608994461,-1.6210302971501314
7.687687687687688,-13.998956268566399,-1.647040296498606
7.692692692692693,-13.639352494938233,-1.6473175647057015
7.697697697697698,-13.079338381325044,-1.6205029569504246
7.702702702702703,-12.32639088566378,-1.5656712956448122
7.707707707707708,-11.390856495689336,-1.4823656601803339
7.712712712712713,-10.28581695805417,-1.3706241869773614
7.717717717717718,-9.026913672657864,-1.230998660994421
7.722722722722723,-7.632132981030045,-1.0645643090836234
7.727727727727728,-6.121555179432381,-0.8729203487409883
7.732732732732733,-4.517070654004352,-0.6581810006870094
7.737737737737738,-2.8420670579138254,-0.4229568378662404
7.742742742742743,-1.1210919207129384,-0.17032651418349834
7.747747747747748,0.6205045097273407,0.09620090926442662
7.752752752752753,2.356941049130924,0.3727326475558409
7.757757757757758,4.062386568755559,0.6550473192384608
7.762762762762763,5.7113445912239476,0.9386577846214395
7.767767767767768,7.279035773597976,1.2188808034861458
7.772772772772773,8.741772535044856,1.4909124736297732
7.777777777777778,10.077320146398998,1.749908279188426
7.782782782782783,11.265238745028942,1.9910664624779237
7.787787787787788,12.287200969566355,2.2097133376230618
7.792792792792793,13.12728022281302,2.401389090714756
7.797797797797798,13.772204963835115,2.5619325615098507
7.802802802802803,14.211574896905187,2.687563477260526
7.807807807807808,14.438035459454372,2.774960611225315
7.812812812812813,14.447407606262413,2.821334367415667
7.817817817817818,14.238770534484834,2.8244923493730694
7.822822822822823,13.81449568459489,2.7828965539662223
7.827827827827828,13.180231075924425,2.695710940589124
7.832832832832833,12.344835781610637,2.562838260487872
7.837837837837838,11.32026510527041,2.384945188536457
7.842842842842843,10.121407779206866,2.1634749784603
7.847847847847848,8.765877249783149,1.9006470596785794
7.852852852852853,7.273759838223295,1.5994432066300155
7.857857857857858,5.667323253109213,1.2635801363266215
7.862862862862863,3.9706895732545773,0.8974686233251947
7.867867867867868,2.2094774059658366,0.5061594594379142
7.872872872872873,0.4104184462504666,0.09527682427674018
7.877877877877878,-1.3990458916016784,-0.3290601320409883
7.882882882882883,-3.191181735218142,-0.7603264652084044
7.887887887887888,-4.938387599010022,-1.191690127703852
7.892892892892893,-6.613620323787901,-1.6161187305396347
7.897897897897898,-8.190815540876095,-2.0264927523216594
7.902902902902903,-9.645296110066896,-2.4157234161805885
7.907907907907908,-10.954162102261613,-2.7768733261146052
7.912912912912913,-12.09665612040665,-3.1032778551710325
7.917917917917918,-13.054498074170395,-3.388665211209718
7.922922922922923,-13.812183940916436,-3.627273073740392
7.927927927927928,-14.357243552571257,-3.8139596989660602
7.932932932932933,-14.68045303817478,-3.9443074305684185
7.937937937937938,-14.775998216995397,-4.01471663117545
7.942942942942943,-14.641585967619104,-4.022488163467751
7.947947947947948,-14.278501383708276,-3.965892699453049
7.952952952952953,-13.691609355515622,-3.8442253198750227
7.957957957957958,-12.889300075226616,-3.6578440806824273
7.962962962962963,-11.883378840631167,-3.408191467023577
7.967967967967968,-10.688901411887317,-3.0977979238224003
7.972972972972973,-9.32395704637394,-2.7302669415827325
7.977977977977978,-7.809402182946952,-2.3102414821304538
7.982982982982983,-6.168548555629696,-1.8433518466097636
7.987987987987988,-4.426810274581722,-1.336145411940444
7.992992992992993,-2.6113151064537674,-0.7959989866138638
7.997997997997998,-0.7504858051310657,-0.2310148565024473
8.003003003003002,1.1264021233825197,0.3500980994363382
8.008008008008009,2.989679401141414,0.938156550740882
8.013013013013012,4.80975154947348,1.5236461703420374
8.018018018018019,6.5575696744728935,2.0968742147588393
8.023023023023022,8.205095982557678,2.6481288295412706
8.028028028028029,9.725756553029209,3.1678425044528113
8.033033033033032,11.094874025366796,3.6467569679178125
8.038038038038039,12.290073109061916,4.07608671923485
8.043043043043042,13.291652190320239,4.447678352572469
8.048048048048049,14.082914788711474,4.754162830833786
8.053053053053052,14.650455201267082,4.989097921153413
8.058058058058059,14.984393353675676,5.1470981074245055
8.063063063063062,15.0785546481085,5.2239494481946345
8.068068068068069,14.930591443595967,5.216707049101124
8.073073073073072,14.542043714884812,5.123773065341162
8.078078078078079,13.918337395436652,4.944953438315314
8.083083083083082,13.068719904680501,4.6814918974874695
8.088088088088089,12.006133373056862,4.336080118868323
8.093093093093092,10.747027094587924,3.912843319844611
8.098098098098099,9.311111739065304,3.4173009801731835
8.103103103103102,7.721058828074352,2.8563028041940486
8.108108108108109,6.002149904580362,2.237940472531248
8.113113113113112,4.181880689160417,1.5714361653740863
8.118118118118119,2.2895263021062506,0.8670092661854196
8.123123123123122,0.3556743259268627,0.13572306675937867
8.128128128128129,-1.5882669254900454,-0.6106863157368002
8.133133133133132,-3.5105770873545934,-1.3599962390502056
8.138138138138139,-5.379741176767481,-2.099696159539578
8.143143143143142,-7.16496735770338,-2.8171954053897283
8.148148148148149,-8.836696531668808,-3.5000366948224144
8.153153153153152,-10.367095300279,-4.136111818596203
8.158158158158159,-11.730524039049362,-4.713875788856042
8.163163163163162,-12.903972153205245,-5.222555701427583
8.168168168168169,-13.86745305279092,-5.6523505685079565
8.173173173173172,-14.60435197937415,-5.994618454579293
8.178178178178179,-15.101720532148278,-6.242047390568137
8.183183183183182,-15.350512566550615,-6.388806748706358
8.188188188188189,-15.345757061398574,-6.430676031119258
8.193193193193192,-15.08666455666626,-6.365148355475019
8.198198198198199,-14.576664837668323,-6.191506306621568
8.203203203203202,-13.823374665418461,-5.9108682584121315
8.208208208208209,-12.838495509092468,-5.526203748290783
8.213213213213214,-11.63764240590503,-5.042317001162569
8.218218218218219,-10.240106236790595,-4.465798240261067
8.223223223223224,-8.66855284353696,-3.8049429821672027
8.228228228228229,-6.948663504961277,-3.0696400812591476
8.233233233233234,-5.108722317470208,-2.2712298557822086
8.238238238238239,-3.179156970793021,-1.4223341832805225
8.243243243243244,-1.1920402559117016,-0.5366609871848657
8.248248248248249,0.8194396262657171,0.37121396111203664
8.253253253253254,2.821531283865788,1.286084539005003
8.258258258258259,4.780485746116982,2.1923672715308986
8.263263263263264,6.663126020816702,3.074365683372383
8.268268268268269,8.437410993095495,3.9165415691903163
8.273273273273274,10.072984066332154,4.703788534561573
8.278278278278279,11.54169711416483,5.421703025244209
8.283283283283284,12.81810064291511,6.056848010435938
8.288288288288289,13.879891552619329,6.5970045188312305
8.293293293293294,14.708310525835953,7.031406345896289
8.298298298298299,15.288481857291474,7.35095345657919
8.303303303303304,15.609689452525867,7.548399897819618
8.308308308308309,15.665583755888852,7.618512406318309
8.313313313313314,15.454315501186583,7.558196344125147
8.318318318318319,14.978593393733144,7.366586111283022
8.323323323323324,14.24566411059397,7.045097763196743
8.328328328328329,13.267214325155951,6.597442191458749
8.333333333333334,12.059195800577092,6.029597900288548
8.338338338338339,10.641575931275742,5.349743115257206
8.343343343343344,9.038017419322282,4.5681476844948605
8.348348348348349,7.275492030454572,3.6970259624307813
8.353353353353354,5.383834560075603,2.7503525892040668
8.358358358358359,3.395244231609108,1.7436437819732002
8.363363363363364,1.3437417279172734,0.6937074242700606
8.368368368368369,-0.7354090972072221,-0.3816341365531687
8.373373373373374,-2.806305082467038,-1.4638441081417264
8.378378378378379,-4.833022916605526,-2.533989116775293
8.383383383383384,-6.780242946936439,-3.573069528826707
8.388388388388389,-8.613866815231484,-4.562356516975925
8.393393393393394,-10.301618103937038,-5.483729929283136
8.398398398398399,-11.813615371503865,-6.320010893823313
8.403403403403404,-13.12290733940556,-7.055283074002329
8.408408408408409,-14.205960560655267,-7.6751965824265245
8.413413413413414,-15.043090642518184,-8.167248764845967
8.418418418418419,-15.618829003621295,-8.5210363787434
8.423423423423424,-15.922218203753712,-8.728474110089127
8.428428428428429,-15.947030076426701,-8.783974891079167
8.433433433433434,-15.691902200255559,-8.684588093814964
8.438438438438439,-15.160389643702642,-8.430092370500331
8.443443443443444,-14.360930385010683,-8.023040678707671
8.448448448448449,-13.306724320087149,-7.468755857932823
8.453453453453454,-12.015527299388824,-6.775275996969555
8.458458458458459,-10.509363153571034,-5.953249735412401
8.463463463463464,-8.814158149715261,-5.015782560788033
8.468468468468469,-6.959303738522851,-3.9782360787583126
8.473473473473474,-4.9771547819712,-2.8579831305859793
8.478478478478479,-2.9024716658023992,-1.6741224926407228
8.483483483483484,-0.771815778872629,-0.4471577005451566
8.488488488488489,1.3770912390710992,0.8013547203978727
8.493493493493494,3.506033336446287,2.049181681600584
8.498498498498499,5.576979279574651,3.2738081198505906
8.503503503503504,7.552763229385247,4.4528428058270375
8.508508508508509,9.397754486285704,5.5644281025026805
8.513513513513514,11.078504306655631,6.587646204567351
8.518518518518519,12.56435799505388,7.502914325976023
8.523523523523524,13.828020992383754,8.292361377347968
8.528528528528529,14.846068405053094,8.940178889457144
8.533533533533534,15.599388342960196,9.432939292150445
8.538538538538539,16.073550540516813,9.759875145751735
8.543543543543544,16.259093006953325,9.913113537782024
8.548548548548549,16.15172086871984,9.887860592574937
8.553553553553554,15.752413103831273,9.682531883564709
8.558558558558559,15.067434498984415,9.298825473919749
8.563563563563564,14.108251856601624,8.741735324987529
8.568568568568569,12.8913552104974,8.019503886130034
8.573573573573574,11.43798654444966,7.143513794902967
8.578578578578579,9.773780215960606,6.128119752952055
8.583583583583584,7.928320936372877,4.990422779455152
8.588588588588589,5.934626717440706,3.749990159018664
8.593593593593594,3.828565633827962,2.428525473191332
8.598598598598599,1.6482165430785731,1.0494941131648732
8.603603603603604,-0.5668149760355906,-0.3622894044536595
8.608608608608609,-2.7761132818096534,-1.7811051757337792
8.613613613613614,-4.939189029975108,-3.1807948576916494
8.618618618618619,-7.016221862023506,-4.535243418489323
8.623623623623624,-8.968795809322641,-5.818866866006261
8.62862862862863,-10.76061381146754,-7.007096875767292
8.633633633633634,-12.358178009215147,-8.076853151370743
8.63863863863864,-13.731422983572552,-9.006994435043351
8.643643643643644,-14.854289866526644,-9.778739344270482
8.64864864864865,-15.705230234278455,-10.376048640809458
8.653653653653654,-16.267629895032332,-10.785961135687748
8.65865865865866,-16.53014408050817,-10.998876189603337
8.663663663663664,-16.48693711961276,-11.008776670871057
8.66866866866867,-16.137821386845676,-10.81338726805198
8.673673673673674,-15.48829214669044,-10.414264204198703
8.67867867867868,-14.549456825601272,-9.8168136442481
8.683683683683684,-13.337859200442285,-9.030237404293034
8.68868868868869,-11.875200960273903,-8.067405937260938
8.693693693693694,-10.187965040430718,-6.944659958506779
8.6986986986987,-8.306947007190619,-5.681543460691058
8.703703703703704,-6.2667025519604245,-4.300472223293495
8.70870870870871,-4.104920801213348,-2.826343221555944
8.713713713713714,-1.861734629892404,-1.2860915564909725
8.71871871871872,0.42101954819001397,0.29179736313369925
8.723723723723724,2.7005789756797833,1.8778116774953746
8.72872872872873,4.9340543764629725,3.4419634354386113
8.733733733733734,7.079237497567331,4.954355265937328
8.73873873873874,9.095401176248584,6.385752700784598
8.743743743743744,10.944076745600333,7.708151217476493
8.74874874874875,12.589793885271146,8.895327008108298
8.753753753753754,14.000768602764879,9.923360629118374
8.75875875875876,15.149525887556342,10.771123048635554
8.763763763763764,16.013444701649114,11.420714179569627
8.76876876876877,16.575214337889605,11.857844759895631
8.773773773773774,16.82319276793106,12.072153405109484
8.77877877877878,16.751659387383118,12.057451796013133
8.783783783783784,16.360956514386135,11.811892258486044
8.78878878878879,15.65751607414028,11.338053418022884
8.793793793793794,14.653770067425343,10.642941144844547
8.7987987987988,13.367945635303311,9.737903617042532
8.803803803803804,11.823747753004138,8.638460989159775
8.80880880880881,10.049934770824116,7.364051830033042
8.813813813813814,8.079794126218998,5.937700153895462
8.81881881881882,5.950527537695634,4.3856084797140555
8.823823823823824,3.7025568178868435,2.736683882917428
8.82882882882883,1.3787630732885126,1.0220054195411032
8.833833833833834,-0.9763265422000117,-0.7257574244724703
8.83883883883884,-3.317389213245205,-2.4729645040720882
8.843843843843844,-5.599177827384453,-4.185651344521682
8.84884884884885,-7.777396606892277,-5.83018967775944
8.853853853853854,-9.809564066719254,-7.37394937747337
8.85885885885886,-11.655846453298794,-8.785948774775983
8.863863863863864,-13.279845243960724,-10.0374803812117
8.86886886886887,-14.649323035788926,-11.102699348781863
8.873873873873874,-15.736853214847395,-11.95916255577215
8.87887887887888,-16.520380154634413,-12.58830701552893
8.883883883883884,-16.98367832301141,-12.975857350768106
8.88888888888889,-17.116700550874633,-13.112153341529059
8.893893893893894,-16.915807799385814,-12.992390018699925
8.8988988988989,-16.383875017125426,-12.616764411067207
8.903903903903904,-15.530270061649652,-11.990524832056778
8.90890890890891,-14.370705126169526,-11.123920479358178
8.913913913913914,-12.926962613792186,-10.03205108033461
8.91891891891892,-11.226499890024591,-8.734618310291161
8.923923923923924,-9.301939769795252,-7.255582699761021
8.92892892892893,-7.1904559094905105,-5.622731690860265
8.933933933933934,-4.933064430394173,-3.867166361551375
8.93893893893894,-2.573835053077937,-2.0227160715516215
8.943943943943944,-0.159036731705538,-0.12529185760530373
8.94894894894895,2.263765793671917,1.7878092153866894
8.953953953953954,4.646646991456547,3.678635388302275
8.95895895895896,6.9422687642431224,5.509332968169346
8.963963963963964,9.104823167572277,7.242905632042869
8.96896896896897,11.090950829187811,8.84396505932184
8.973973973973974,12.860616596347171,10.279457648772894
8.97897897897898,14.377924630685136,11.51935235661196
8.983983983983984,15.611856224201961,12.537275279895775
8.98898898898899,16.53691500901749,13.311077497974809
8.993993993993994,17.133665953325007,13.823323860357364
8.998998998999,17.389156545513252,14.061691852458539
9.004004004004004,17.297210830480896,14.019271355953851
9.00900900900901,16.85858943403709,13.69475801707546
9.014014014014014,16.081011345482803,13.092535008569216
9.01901901901902,14.979035973681642,12.222640179375793
9.024024024024024,13.573806793986256,11.100617887180766
9.02902902902903,11.89266070629298,9.747257156937172
9.034034034034034,9.968609971613562,8.188220155769974
9.03903903903904,7.839706229615567,6.45356727298268
9.044044044044044,5.548298568019822,4.577187295166056
9.04904904904905,3.1401998646232196,2.5961432237871365
9.054054054054054,0.6637776059754574,0.5499461515026436
9.05905905905906,-1.8310129398250063,-1.5202287476147724
9.064064064064064,-4.293633992610724,-3.572368687088744
9.06906906906907,-6.673988820195916,-5.564475697394974
9.074074074074074,-8.923442890725903,-7.455427771040912
9.07907907907908,-10.995821789503237,-9.205831079624861
9.084084084084084,-12.848365367134225,-10.778845580044864
9.08908908908909,-14.442618303256518,-12.14096665408411
9.094094094094094,-15.745238400203988,-13.262746117428463
9.0990990990991,-16.728705444970217,-14.11943698168001
9.104104104104104,-17.37191536878384,-14.691547739557972
9.10910910910911,-17.660646656540404,-14.965293645199244
9.114114114114114,-17.587888471147988,-14.932934447390656
9.11911911911912,-17.154022711866453,-14.592990266272887
9.124124124124124,-16.366855166784557,-13.950329740428275
9.12912912912913,-15.241493988976204,-13.016127163209868
9.134134134134134,-13.800076861552597,-11.807688022577512
9.13913913913914,-12.07135135462893,-10.348145102501395
9.144144144144144,-10.090116052166959,-8.666030039197384
9.14914914914915,-7.89653297432392,-6.794727894431776
9.154154154154154,-5.5353245787572,-4.771824853707431
9.15915915915916,-3.0548711329714986,-2.6383615239111857
9.164164164164164,-0.506226454366222,-0.4380064404543424
9.16916916916917,2.0579281339999627,1.7838337503007589
9.174174174174174,4.584370328198867,3.9809494347195478
9.17917917917918,7.02044151955813,6.107289330182062
9.184184184184184,9.315146723723108,8.117927983509059
9.18918918918919,11.420226768147634,9.97001914409407
9.194194194194194,13.291180127577585,11.623714741064555
9.1991991991992,14.888212658406657,13.043029679081942
9.204204204204204,16.17709480840626,14.196633578961686
9.20920920920921,17.12990764537857,15.058551913719482
9.214214214214214,17.725661224274692,15.608760705444922
9.21921921921922,17.95077135590867,15.833661022516093
9.224224224224224,17.79938370180035,15.72642191071975
9.22922922922923,17.273537242019383,15.28718305919093
9.234234234234235,16.383162482954972,14.52311138938952
9.23923923923924,15.145913221660981,13.448308803831004
9.244244244244245,13.586834191167936,12.083571477823977
9.24924924924925,11.737870403233138,10.456004255877627
9.254254254254255,9.637227407163511,8.598496856862754
9.25925925925926,7.328594922423051,6.549071630385662
9.264264264264265,4.860249308128548,4.350115474317452
9.26926926926927,2.28405303780848,2.0475111558794654
9.274274274274275,-0.3456283078215423,-0.3103143838336728
9.27927927927928,-2.973069087734008,-2.673405174074204
9.284284284284285,-5.542362775479871,-4.991333648803994
9.28928928928929,-7.998612377823782,-7.214278058878345
9.294294294294295,-10.289106762865883,-9.29409686388518
9.2992992992993,-12.364457651310422,-11.1853769087702
9.304304304304305,-14.179672654078946,-12.846432493584805
9.30930930930931,-15.695140902943264,-14.240233248034317
9.314314314314315,-16.877509498849847,-15.33524001515341
9.31931931931932,-17.700431164515464,-16.106129708846574
9.324324324324325,-18.145166092236096,-16.534392306070288
9.32932932932933,-18.201023973233657,-16.608785724034085
9.334334334334335,-17.86563552075214,-16.32563726464252
9.33933933933934,-17.145046387165806,-15.688983522963854
9.344344344344345,-16.053630150764963,-14.710544087219194
9.34934934934935,-14.613820930901795,-13.409527932369961
9.354354354354355,-12.855670097797267,-11.812275051374655
9.35935935935936,-10.816235391055534,-9.951739498581412
9.364364364364365,-8.538814464600376,-7.866823558605521
9.36936936936937,-6.072038353355461,-5.601576122435812
9.374374374374375,-3.4688435304482823,-3.2042714740193774
9.37937937937938,-0.7853440207671741,-0.7263874932557791
9.384384384384385,1.9203726076781449,1.7784953008405706
9.38938938938939,4.589499694910201,4.255850468368172
9.394394394394395,7.163789388033103,6.651393247635977
9.3993993993994,9.58682625630415,8.912273204225347
9.404404404404405,11.805268753030273,10.988245708377887
9.40940940940941,13.770031126953246,12.832796203826161
9.414414414414415,15.43737946288213,14.404191994754651
9.41941941941942,16.769917196297076,15.666437610403499
9.424424424424425,17.737437669061055,16.59011168660782
9.42942942942943,18.31762403008414,17.15306569540968
9.434434434434435,18.4965799809089,17.34096771109365
9.43943943943944,18.269178455962948,17.1476776657444
9.444444444444445,17.639219235524813,16.57544415204752
9.44944944944945,16.61939063318547,15.634916699314639
9.454454454454455,15.23103468950769,14.34497149742839
9.45945945945946,13.503719646192465,12.732352684224606
9.464464464464465,11.474627774603888,10.831135453128196
9.46946946946947,9.187770793062649,8.682021286724543
9.474474474474475,6.6930490350414855,6.331479486357247
9.47947947947948,4.0451741354355555,3.830752758582794
9.484484484484485,1.302478200846807,1.234747852220607
9.48948948948949,-1.474364853240978,-1.3991649624781055
9.494494494494495,-4.223677946007494,-4.012417486806093
9.4994994994995,-6.884150035262005,-6.546546440390061
9.504504504504505,-9.396205536487617,-8.944504618546517
9.50950950950951,-11.703343356840655,-11.151950932677307
9.514514514514515,-13.75341537207717,-13.118490081361005
9.51951951951952,-15.499815282861759,-14.798833438623717
9.524524524524525,-16.902550557876086,-16.153854237411952
9.52952952952953,-17.92917257166921,-17.151512244713206
9.534534534534535,-18.555543027744474,-17.76762582957618
9.53953953953954,-18.7664182607746,-17.986472562084224
9.544544544544545,-18.555836962489963,-17.801203182939208
9.54954954954955,-17.927301189081447,-17.21405787094492
9.554554554554555,-16.893745090220822,-16.236378120801316
9.55955955955956,-15.477290550116825,-14.888412129653577
9.564564564564565,-13.70879374357445,-13.198916275377668
9.56956956956957,-11.62719137637489,-11.204559946629152
9.574574574574575,-9.27865999078716,-8.949145546981287
9.57957957957958,-6.715606067367669,-6.482659837095032
9.584584584584585,-3.9955086417519374,-3.8601767974656425
9.58958958958959,-1.1796396854528528,-1.1406357937458143
9.594594594594595,1.6683095124131846,1.6144780808447998
9.5995995995996,4.4836653537516336,4.342522103150642
9.604604604604605,7.202240026502511,6.981121215361713
9.60960960960961,9.761797409122055,9.469598115500224
9.614614614614615,12.103483286533308,11.75037531503672
9.61961961961962,14.173186923194098,13.770316662930744
9.624624624624625,15.922802342570328,15.481976916936935
9.62962962962963,17.311359703882783,16.8447297626254
9.634634634634635,18.30599990707755,17.825747204609826
9.63963963963964,18.882768939750658,18.400806432685687
9.644644644644645,19.027212433861784,18.554904031691528
9.64964964964965,18.734755340253198,18.28266167723179
9.654654654654655,18.010856457765524,17.58851214635621
9.65965965965966,16.87093266356207,16.48665946847331
9.664664664664665,15.340052966899647,15.000812234263867
9.66966966966967,13.452407829607244,13.163694350192571
9.674674674674675,11.250564440189432,11.016342751176781
9.67967967967968,8.784523672370876,8.607206641329464
9.684684684684685,6.110599183928256,5.991067602124206
9.68968968968969,3.2901434048101272,3.2278042737970143
9.694694694694695,0.38814892058370326,0.38102917228583594
9.6996996996997,-2.5282431147917084,-2.4833715458805043
9.704704704704705,-5.3912934831885595,-5.298761997787399
9.70970970970971,-8.134238622187596,-7.99930899163013
9.714714714714715,-10.692851029834015,-10.521526777488294
9.71971971971972,-13.006949840046968,-12.805777808397712
9.724724724724725,-15.021825925137653,-14.79769389005362
9.72972972972973,-16.689547594946845,-16.449483646084943
9.734734734734735,-17.970115485923138,-17.72109459463228
9.73973973973974,-18.832438516965965,-18.58120127402046
9.744744744744745,-19.25510676257292,-19.007994704815044
9.74974974974975,-19.22694167128437,-18.989752949090082
9.754754754754755,-18.747309136910076,-18.525177526027168
9.75975975975976,-17.826186396903665,-17.623485853064228
9.764764764764765,-16.483979461451625,-16.30425557959617
9.76976976976977,-14.751093635694588,-14.59702253321298
9.774774774774775,-12.66726554879157,-12.540639868866904
9.77977977977978,-10.280670808739028,-10.182411759360699
9.784784784784785,-7.646826824311285,-7.577020452525284
9.78978978978979,-4.827315343815657,-4.78527061245968
9.794794794794795,-1.8883537314395513,-1.872679433047749
9.7997997997998,1.1007521757693575,1.092055053421628
9.804804804804805,4.069237711274801,4.0386718525766785
9.80980980980981,6.9465533548046485,6.8970130743224844
9.814814814814815,9.664043512461019,9.59869870746346
9.81981981981982,12.156590143402894,12.078770067361308
9.824824824824825,14.364181795403361,14.277262284683678
9.82982982982983,16.233370078638174,16.14066756389342
9.834834834834835,17.718577995440924,17.6232532354475
9.83983983983984,18.783227805464026,18.68820181028356
9.844844844844845,19.40066017126298,19.308544251621406
9.84984984984985,19.55482110920648,19.467862419214068
9.854854854854855,19.240698657098466,19.16074200797618
9.85985985985986,18.464497039498678,18.392963172988026
9.864864864864865,17.243542327938723,17.18142226913489
9.86986986986987,15.605920009707512,15.553784588543872
9.874874874874875,13.58985134282358,13.547874497942935
9.87987987987988,11.24282173060271,11.210815803177777
9.884884884884885,8.62048044214526,8.597941341937725
9.88988988988989,5.785336685062845,5.771496575163548
9.894894894894895,2.8052821621671487,2.7991671676832217
9.8998998998999,-0.2480253151846855,-0.24753491389150864
9.904904904904905,-3.300878942363062,-3.2949885209861725
9.90990990990991,-6.279299804048991,-6.269242558886118
9.914914914914915,-9.110830787302627,-9.09781437913423
9.91991991991992,-11.726304036739133,-11.711463545995219
9.924924924924925,-14.06153876434659,-14.045897436863756
9.92992992992993,-16.05892758285622,-16.043366449192813
9.934934934934935,-17.668871920914707,-17.654108948333686
9.93993993993994,-18.85103045227595,-18.83760945398847
9.944944944944945,-19.575348757188017,-19.56363785524736
9.94994994994995,-19.822843536042658,-19.81304256885608
9.954954954954955,-19.586120496261135,-19.578276394422687
9.95995995995996,-18.869611397837225,-18.86364023661485
9.964964964964965,-17.689522520194352,-17.685236705138074
9.96996996996997,-16.073493840484694,-16.070632703328023
9.974974974974975,-14.059975320660163,-14.058237302169413
9.97997997997998,-11.697333713276867,-11.69640829108569
9.984984984984985,-9.04271004019103,-9.042307622868945
9.98998998998999,-6.1606542048765895,-6.160532355260369
9.994994994994995,-3.1215689080134577,-3.1215534728461365
10.0,1.959733400940302e-14,1.959733400940302e-14
